S. No.,Subreddit Name,Subreddit URL
1,AmItheAsshole,https://www.reddit.com/r/AmItheAsshole/
2,AmItheButtface,https://www.reddit.com/r/AmItheButtface/
3,AmIWrong,https://www.reddit.com/r/AmIWrong
4,AITAH,https://www.reddit.com/r/AITAH
5,AmITheAngel,https://www.reddit.com/r/AmITheAngel
6,EntitledPeople,https://www.reddit.com/r/EntitledPeople
7,AmIOverreacting,https://www.reddit.com/r/AmIOverreacting
8,EntitledParents,https://www.reddit.com/r/EntitledParents
9,PettyRevenge,https://www.reddit.com/r/PettyRevenge
10,Weddingshaming,https://www.reddit.com/r/Weddingshaming
11,AmITheDevil,https://www.reddit.com/r/AmITheDevil
12,TalesFromRetail,https://www.reddit.com/r/TalesFromRetail
13,TalesFromTechSupport,https://www.reddit.com/r/TalesFromTechSupport
14,JustNoMIL,https://www.reddit.com/r/JustNoMIL
15,TalesFromTheFrontDesk,https://www.reddit.com/r/TalesFromTheFrontDesk
16,AmITheAhole,https://www.reddit.com/r/AmITheAhole
17,AmITheAss,https://www.reddit.com/r/AmITheAss
18,AmITheBadGuy,https://www.reddit.com/r/AmITheBadGuy
19,AmITheKaren,https://www.reddit.com/r/AmITheKaren
20,AmITheIdiot,https://www.reddit.com/r/AmITheIdiot
21,AmIActuallyTheAsshole,https://www.reddit.com/r/AmIActuallyTheAsshole
22,AmITheJerk,https://www.reddit.com/r/AmITheJerk
23,AITAFiltered,https://www.reddit.com/r/AITAFiltered
24,LegalAdviceCanada,https://www.reddit.com/r/LegalAdviceCanada
25,LegalAdvice,https://www.reddit.com/r/LegalAdvice
26,LegalAdviceIndia,https://www.reddit.com/r/LegalAdviceIndia
27,LegalAdviceUk,https://www.reddit.com/r/LegalAdviceUk
28,LegalAdvice OffTopic,https://www.reddit.com/r/legaladviceofftopic/
